id;account_id;cloud_provider;secret_key;access_key;region;user_id
1;Saint Lucia white;Generic neutral Salad;Auto Loan Account modular Refined;digital maroon;EXE projection Fresh;support Gorgeous
2;withdrawal;copying;ability Hat Iraq;magenta Concrete;User-centric Gloves;Mauritania
3;facilitate Tasty Concrete Chips Exclusive;Buckinghamshire capability zero tolerance;mission-critical;Berkshire Small Plastic Pants Investor;Canadian Dollar;Berkshire Designer
4;Credit Card Account;navigate;Re-contextualized;web-enabled invoice withdrawal;bypassing optical;installation
5;Argentine Peso;Kentucky Algerian Dinar Clothing;open-source turn-key;Sausages;disintermediate Cambridgeshire hacking;bricks-and-clicks Concrete Global
6;Fiji Dollar Profound Bacon;Macao Equatorial Guinea Vision-oriented;Agent;Human deposit;even-keeled Saint Helena Pound;Internal AI optical
7;bypassing Marketing;Dynamic Home Loan Account Tools;Branding;Home Gloves Latvia;Ports Manager Fish;Networked
8;Fish;payment calculating;local area network Benin;turn-key dedicated;Wisconsin;target Human withdrawal
9;dot-com payment Libyan Dinar;white sensor local;calculate;Chips;Villages uniform PCI;Automotive Tactics architectures
10;Wisconsin Facilitator Incredible;reinvent;eco-centric Bedfordshire mesh;Configuration UIC-Franc;Ergonomic Concrete Soap Zambian Kwacha;Concrete Bedfordshire
