id;company_name;first_name;last_name;cloud_or_not;user_id;email
1;mobile Fish;Orval;Metz;Table Computer;Trace;Lazaro_Conroy2@yahoo.com
2;Producer;Riley;Wehner;Electronics;Soap methodology Albania;Alba_Greenfelder@yahoo.com
3;Steel zero administration;Frederick;Feeney;Licensed Savings Account;Cambridgeshire Mississippi;Ryleigh.Moen45@gmail.com
4;Automotive;Trystan;Wintheiser;cross-platform access;Public-key;Idella60@gmail.com
5;backing up Salad;Giovanna;Gerhold;invoice;convergence;Karson3@gmail.com
6;synthesizing Views e-enable;Tiffany;Metz;National Awesome sky blue;Tactics;Gilberto53@hotmail.com
7;Louisiana Specialist Home Loan Account;Doug;Connelly;back-end;Industrial;Olin29@yahoo.com
8;Jewelery;Cloyd;Quigley;application quantify Unbranded Plastic Tuna;Internal;Lincoln9@hotmail.com
9;envisioneer;Marcella;Hane;pixel withdrawal;Mississippi embrace Developer;Noemi.Reichert@hotmail.com
10;Networked Sleek Metal Table Small;Ida;Brekke;Outdoors;Harbor Montana;Sydney60@hotmail.com
